exp_date_temp_well,exp_date,temp,well,treatment_well,treatment,24_plate_well,type
2026-01-31_25_A1,2026-01-31,25,A1,C: A2,C,A1,lipid
2026-01-31_25_A2,2026-01-31,25,A2,C : A1,C ,A1,lipid
2026-01-31_25_A3,2026-01-31,25,A3,C: A2,C,A2,lipid
2026-01-31_25_A4,2026-01-31,25,A4,C: A3,C,A3,lipid
2026-01-31_25_A5,2026-01-31,25,A5,C: A4,C,A4,lipid
2026-01-31_25_A6,2026-01-31,25,A6,C: A5,C,A5,lipid
2026-01-31_25_A7,2026-01-31,25,A7,C: A6,C,A6,lipid
2026-01-31_25_A8,2026-01-31,25,A8,C: A2,C,A2,blank
2026-01-31_25_A9,2026-01-31,25,A9,C: A3,C,A3,blank
2026-01-31_25_A10,2026-01-31,25,A10,C: A4,C,A4,blank
2026-01-31_25_A11,2026-01-31,25,A11,empty,empty,,
2026-01-31_25_A12,2026-01-31,25,A12,empty,empty,,
2026-01-31_25_B1,2026-01-31,25,B1,F: B1 ,F,B1 ,lipid
2026-01-31_25_B2,2026-01-31,25,B2,F: B1 ,F,B1 ,lipid
2026-01-31_25_B3,2026-01-31,25,B3,F: B2,F,B2,lipid
2026-01-31_25_B4,2026-01-31,25,B4,F: B3,F,B3,lipid
2026-01-31_25_B5,2026-01-31,25,B5,F: B4,F,B4,lipid
2026-01-31_25_B6,2026-01-31,25,B6,F: B5,F,B5,lipid
2026-01-31_25_B7,2026-01-31,25,B7,F: B6,F,B6,lipid
2026-01-31_25_B8,2026-01-31,25,B8,F: B2,F,B2,blank
2026-01-31_25_B9,2026-01-31,25,B9,F: B3,F,B3,blank
2026-01-31_25_B10,2026-01-31,25,B10,F: B4,F,B4,blank
2026-01-31_25_B11,2026-01-31,25,B11,empty,empty,,
2026-01-31_25_B12,2026-01-31,25,B12,empty,empty,,
2026-01-31_25_C1,2026-01-31,25,C1,I: C1,I,C1,lipid
2026-01-31_25_C2,2026-01-31,25,C2,I: C1,I,C1,lipid
2026-01-31_25_C3,2026-01-31,25,C3,I: C2,I,C2,lipid
2026-01-31_25_C4,2026-01-31,25,C4,I: C3,I,C3,lipid
2026-01-31_25_C5,2026-01-31,25,C5,I: C4,I,C4,lipid
2026-01-31_25_C6,2026-01-31,25,C6,I: C5,I,C5,lipid
2026-01-31_25_C7,2026-01-31,25,C7,I: C6,I,C6,lipid
2026-01-31_25_C8,2026-01-31,25,C8,I: C2,I,C2,blank
2026-01-31_25_C9,2026-01-31,25,C9,I: C3,I,C3,blank
2026-01-31_25_C10,2026-01-31,25,C10,I: C4,I,C4,blank
2026-01-31_25_C11,2026-01-31,25,C11,empty,empty,,
2026-01-31_25_C12,2026-01-31,25,C12,empty,empty,,
2026-01-31_25_D1,2026-01-31,25,D1,J: D1,J,D1,lipid
2026-01-31_25_D2,2026-01-31,25,D2,J: D1,J,D1,lipid
2026-01-31_25_D3,2026-01-31,25,D3,J: D2,J,D2,lipid
2026-01-31_25_D4,2026-01-31,25,D4,J: D3,J,D3,lipid
2026-01-31_25_D5,2026-01-31,25,D5,J: D4,J,D4,lipid
2026-01-31_25_D6,2026-01-31,25,D6,J: D5,J,D5,lipid
2026-01-31_25_D7,2026-01-31,25,D7,J: D6,J,D6,lipid
2026-01-31_25_D8,2026-01-31,25,D8,J: D2,J,D2,blank
2026-01-31_25_D9,2026-01-31,25,D9,J: D3,J,D3,blank
2026-01-31_25_D10,2026-01-31,25,D10,J: D4,J,D4,blank
2026-01-31_25_D11,2026-01-31,25,D11,empty,empty,,
2026-01-31_25_D12,2026-01-31,25,D12,empty,empty,,
2026-01-31_25_E1,2026-01-31,25,E1,empty,empty,,
2026-01-31_25_E2,2026-01-31,25,E2,empty,empty,,
2026-01-31_25_E3,2026-01-31,25,E3,empty,empty,,
2026-01-31_25_E4,2026-01-31,25,E4,empty,empty,,
2026-01-31_25_E5,2026-01-31,25,E5,empty,empty,,
2026-01-31_25_E6,2026-01-31,25,E6,empty,empty,,
2026-01-31_25_E7,2026-01-31,25,E7,empty,empty,,
2026-01-31_25_E8,2026-01-31,25,E8,empty,empty,,
2026-01-31_25_E9,2026-01-31,25,E9,empty,empty,,
2026-01-31_25_E10,2026-01-31,25,E10,empty,empty,,
2026-01-31_25_E11,2026-01-31,25,E11,empty,empty,,
2026-01-31_25_E12,2026-01-31,25,E12,empty,empty,,
2026-01-31_25_F1,2026-01-31,25,F1,empty,empty,,
2026-01-31_25_F2,2026-01-31,25,F2,empty,empty,,
2026-01-31_25_F3,2026-01-31,25,F3,empty,empty,,
2026-01-31_25_F4,2026-01-31,25,F4,empty,empty,,
2026-01-31_25_F5,2026-01-31,25,F5,empty,empty,,
2026-01-31_25_F6,2026-01-31,25,F6,empty,empty,,
2026-01-31_25_F7,2026-01-31,25,F7,empty,empty,,
2026-01-31_25_F8,2026-01-31,25,F8,empty,empty,,
2026-01-31_25_F9,2026-01-31,25,F9,empty,empty,,
2026-01-31_25_F10,2026-01-31,25,F10,empty,empty,,
2026-01-31_25_F11,2026-01-31,25,F11,empty,empty,,
2026-01-31_25_F12,2026-01-31,25,F12,empty,empty,,
2026-01-31_25_G1,2026-01-31,25,G1,empty,empty,,
2026-01-31_25_G2,2026-01-31,25,G2,empty,empty,,
2026-01-31_25_G3,2026-01-31,25,G3,empty,empty,,
2026-01-31_25_G4,2026-01-31,25,G4,empty,empty,,
2026-01-31_25_G5,2026-01-31,25,G5,empty,empty,,
2026-01-31_25_G6,2026-01-31,25,G6,empty,empty,,
2026-01-31_25_G7,2026-01-31,25,G7,empty,empty,,
2026-01-31_25_G8,2026-01-31,25,G8,empty,empty,,
2026-01-31_25_G9,2026-01-31,25,G9,empty,empty,,
2026-01-31_25_G10,2026-01-31,25,G10,empty,empty,,
2026-01-31_25_G11,2026-01-31,25,G11,empty,empty,,
2026-01-31_25_G12,2026-01-31,25,G12,empty,empty,,
2026-01-31_25_H1,2026-01-31,25,H1,empty,empty,,
2026-01-31_25_H2,2026-01-31,25,H2,empty,empty,,
2026-01-31_25_H3,2026-01-31,25,H3,empty,empty,,
2026-01-31_25_H4,2026-01-31,25,H4,empty,empty,,
2026-01-31_25_H5,2026-01-31,25,H5,empty,empty,,
2026-01-31_25_H6,2026-01-31,25,H6,empty,empty,,
2026-01-31_25_H7,2026-01-31,25,H7,empty,empty,,
2026-01-31_25_H8,2026-01-31,25,H8,empty,empty,,
2026-01-31_25_H9,2026-01-31,25,H9,empty,empty,,
2026-01-31_25_H10,2026-01-31,25,H10,empty,empty,,
2026-01-31_25_H11,2026-01-31,25,H11,empty,empty,,
2026-01-31_25_H12,2026-01-31,25,H12,empty,empty,,
2026-02-03_25_A1,2026-02-03,25,A1,A: 1A_A1,A,1A_A1,lipid
2026-02-03_25_A2,2026-02-03,25,A2,B: 1A_A2,B,1A_A2,lipid
2026-02-03_25_A3,2026-02-03,25,A3,C: 1A_A3,C,1A_A3,lipid
2026-02-03_25_A4,2026-02-03,25,A4,D: 1A_A4,D,1A_A4,lipid
2026-02-03_25_A5,2026-02-03,25,A5,E: 1A_A5,E,1A_A5,lipid
2026-02-03_25_A6,2026-02-03,25,A6,F: 1A_A6,F,1A_A6,lipid
2026-02-03_25_A7,2026-02-03,25,A7,G: 2A_A1,G,2A_A1,lipid
2026-02-03_25_A8,2026-02-03,25,A8,H: 2A_A2,H,2A_A2,lipid
2026-02-03_25_A9,2026-02-03,25,A9,I: 2A_A3,I,2A_A3,lipid
2026-02-03_25_A10,2026-02-03,25,A10,J: 2A_A4,J,2A_A4,lipid
2026-02-03_25_A11,2026-02-03,25,A11,K: 2A_A5,K,2A_A5,lipid
2026-02-03_25_A12,2026-02-03,25,A12,L: 2A_A6,L,2A_A6,lipid
2026-02-03_25_B1,2026-02-03,25,B1,A: 1A_A1,A,1A_A1,lipid
2026-02-03_25_B2,2026-02-03,25,B2,B: 1A_A2,B,1A_A2,lipid
2026-02-03_25_B3,2026-02-03,25,B3,C: 1A_A3,C,1A_A3,lipid
2026-02-03_25_B4,2026-02-03,25,B4,D: 1A_A4,D,1A_A4,lipid
2026-02-03_25_B5,2026-02-03,25,B5,E: 1A_A5,E,1A_A5,lipid
2026-02-03_25_B6,2026-02-03,25,B6,F: 1A_A6,F,1A_A6,lipid
2026-02-03_25_B7,2026-02-03,25,B7,G: 2A_A1,G,2A_A1,lipid
2026-02-03_25_B8,2026-02-03,25,B8,H: 2A_A2,H,2A_A2,lipid
2026-02-03_25_B9,2026-02-03,25,B9,I: 2A_A3,I,2A_A3,lipid
2026-02-03_25_B10,2026-02-03,25,B10,J: 2A_A4,J,2A_A4,lipid
2026-02-03_25_B11,2026-02-03,25,B11,K: 2A_A5,K,2A_A5,lipid
2026-02-03_25_B12,2026-02-03,25,B12,L: 2A_A6,L,2A_A6,lipid
2026-02-03_25_C1,2026-02-03,25,C1,A: 1A_B1,A,1A_B1,lipid
2026-02-03_25_C2,2026-02-03,25,C2,B: 1A_B2,B,1A_B2,lipid
2026-02-03_25_C3,2026-02-03,25,C3,C: 1A_B3,C,1A_B3,lipid
2026-02-03_25_C4,2026-02-03,25,C4,D: 1A_B4,D,1A_B4,lipid
2026-02-03_25_C5,2026-02-03,25,C5,E: 1A_B5,E,1A_B5,lipid
2026-02-03_25_C6,2026-02-03,25,C6,F: 1A_B6,F,1A_B6,lipid
2026-02-03_25_C7,2026-02-03,25,C7,G: 2A_B1,G,2A_B1,lipid
2026-02-03_25_C8,2026-02-03,25,C8,H: 2A_B2,H,2A_B2,lipid
2026-02-03_25_C9,2026-02-03,25,C9,I: 2A_B3,I,2A_B3,lipid
2026-02-03_25_C10,2026-02-03,25,C10,J: 2A_B4,J,2A_B4,lipid
2026-02-03_25_C11,2026-02-03,25,C11,K: 2A_B5,K,2A_B5,lipid
2026-02-03_25_C12,2026-02-03,25,C12,L: 2A_B6,L,2A_B6,lipid
2026-02-03_25_D1,2026-02-03,25,D1,A: 1A_B1,A,1A_B1,lipid
2026-02-03_25_D2,2026-02-03,25,D2,B: 1A_B2,B,1A_B2,lipid
2026-02-03_25_D3,2026-02-03,25,D3,C: 1A_B3,C,1A_B3,lipid
2026-02-03_25_D4,2026-02-03,25,D4,D: 1A_B4,D,1A_B4,lipid
2026-02-03_25_D5,2026-02-03,25,D5,E: 1A_B5,E,1A_B5,lipid
2026-02-03_25_D6,2026-02-03,25,D6,F: 1A_B6,F,1A_B6,lipid
2026-02-03_25_D7,2026-02-03,25,D7,G: 2A_B1,G,2A_B1,lipid
2026-02-03_25_D8,2026-02-03,25,D8,H: 2A_B2,H,2A_B2,lipid
2026-02-03_25_D9,2026-02-03,25,D9,I: 2A_B3,I,2A_B3,lipid
2026-02-03_25_D10,2026-02-03,25,D10,J: 2A_B4,J,2A_B4,lipid
2026-02-03_25_D11,2026-02-03,25,D11,K: 2A_B5,K,2A_B5,lipid
2026-02-03_25_D12,2026-02-03,25,D12,L: 2A_B6,L,2A_B6,lipid
2026-02-03_25_E1,2026-02-03,25,E1,A: 1A_C1,A,1A_C1,lipid
2026-02-03_25_E2,2026-02-03,25,E2,B: 1A_C2,B,1A_C2,lipid
2026-02-03_25_E3,2026-02-03,25,E3,C: 1A_C3,C,1A_C3,lipid
2026-02-03_25_E4,2026-02-03,25,E4,D: 1A_C4,D,1A_C4,lipid
2026-02-03_25_E5,2026-02-03,25,E5,E: 1A_C5,E,1A_C5,lipid
2026-02-03_25_E6,2026-02-03,25,E6,F: 1A_C6,F,1A_C6,lipid
2026-02-03_25_E7,2026-02-03,25,E7,G: 2A_C1,G,2A_C1,lipid
2026-02-03_25_E8,2026-02-03,25,E8,H: 2A_C2,H,2A_C2,lipid
2026-02-03_25_E9,2026-02-03,25,E9,I: 2A_C3,I,2A_C3,lipid
2026-02-03_25_E10,2026-02-03,25,E10,J: 2A_C4,J,2A_C4,lipid
2026-02-03_25_E11,2026-02-03,25,E11,K: 2A_C5,K,2A_C5,lipid
2026-02-03_25_E12,2026-02-03,25,E12,L: 2A_C6,L,2A_C6,lipid
2026-02-03_25_F1,2026-02-03,25,F1,A: 1A_C1,A,1A_C1,lipid
2026-02-03_25_F2,2026-02-03,25,F2,B: 1A_C2,B,1A_C2,lipid
2026-02-03_25_F3,2026-02-03,25,F3,C: 1A_C3,C,1A_C3,lipid
2026-02-03_25_F4,2026-02-03,25,F4,D: 1A_C4,D,1A_C4,lipid
2026-02-03_25_F5,2026-02-03,25,F5,E: 1A_C5,E,1A_C5,lipid
2026-02-03_25_F6,2026-02-03,25,F6,F: 1A_C6,F,1A_C6,lipid
2026-02-03_25_F7,2026-02-03,25,F7,G: 2A_C1,G,2A_C1,lipid
2026-02-03_25_F8,2026-02-03,25,F8,H: 2A_C2,H,2A_C2,lipid
2026-02-03_25_F9,2026-02-03,25,F9,I: 2A_C3,I,2A_C3,lipid
2026-02-03_25_F10,2026-02-03,25,F10,J: 2A_C4,J,2A_C4,lipid
2026-02-03_25_F11,2026-02-03,25,F11,K: 2A_C5,K,2A_C5,lipid
2026-02-03_25_F12,2026-02-03,25,F12,L: 2A_C6,L,2A_C6,lipid
2026-02-03_25_G1,2026-02-03,25,G1,A: 1A_D1,A,1A_D1,lipid
2026-02-03_25_G2,2026-02-03,25,G2,B: 1A_D2,B,1A_D2,lipid
2026-02-03_25_G3,2026-02-03,25,G3,C: 1A_D3,C,1A_D3,lipid
2026-02-03_25_G4,2026-02-03,25,G4,D: 1A_D4,D,1A_D4,lipid
2026-02-03_25_G5,2026-02-03,25,G5,E: 1A_D5,E,1A_D5,lipid
2026-02-03_25_G6,2026-02-03,25,G6,F: 1A_D6,F,1A_D6,lipid
2026-02-03_25_G7,2026-02-03,25,G7,G: 2A_D1,G,2A_D1,lipid
2026-02-03_25_G8,2026-02-03,25,G8,H: 2A_D2,H,2A_D2,lipid
2026-02-03_25_G9,2026-02-03,25,G9,I: 2A_D3,I,2A_D3,lipid
2026-02-03_25_G10,2026-02-03,25,G10,J: 2A_D4,J,2A_D4,lipid
2026-02-03_25_G11,2026-02-03,25,G11,K: 2A_D5,K,2A_D5,lipid
2026-02-03_25_G12,2026-02-03,25,G12,L: 2A_D6,L,2A_D6,lipid
2026-02-03_25_H1,2026-02-03,25,H1,A: 1A_D1,A,1A_D1,blank
2026-02-03_25_H2,2026-02-03,25,H2,B: 1A_D2,B,1A_D2,blank
2026-02-03_25_H3,2026-02-03,25,H3,C: 1A_D3,C,1A_D3,blank
2026-02-03_25_H4,2026-02-03,25,H4,D: 1A_D4,D,1A_D4,blank
2026-02-03_25_H5,2026-02-03,25,H5,E: 1A_D5,E,1A_D5,blank
2026-02-03_25_H6,2026-02-03,25,H6,F: 1A_D6,F,1A_D6,blank
2026-02-03_25_H7,2026-02-03,25,H7,G: 2A_D1,G,2A_D1,blank
2026-02-03_25_H8,2026-02-03,25,H8,H: 2A_D2,H,2A_D2,blank
2026-02-03_25_H9,2026-02-03,25,H9,I: 2A_D3,I,2A_D3,blank
2026-02-03_25_H10,2026-02-03,25,H10,J: 2A_D4,J,2A_D4,blank
2026-02-03_25_H11,2026-02-03,25,H11,K: 2A_D5,K,2A_D5,blank
2026-02-03_25_H12,2026-02-03,25,H12,L: 2A_D6,L,2A_D6,blank
2026-02-06_6.72_A1,2026-02-06,6.72,A1,A: 1 C1,A,1 C1,lipid
2026-02-06_6.72_A2,2026-02-06,6.72,A2,A: 1 C3,A,1 C3,lipid
2026-02-06_6.72_A3,2026-02-06,6.72,A3,A: 1 C6,A,1 C6,lipid
2026-02-06_6.72_A4,2026-02-06,6.72,A4,A: 3 B1,A,3 B1,lipid
2026-02-06_6.72_A5,2026-02-06,6.72,A5,A: 3 C4,A,3 C4,lipid
2026-02-06_6.72_A6,2026-02-06,6.72,A6,A: 4 B5,A,4 B5,lipid
2026-02-06_6.72_A7,2026-02-06,6.72,A7,A: 4 B6,A,4 B6,lipid
2026-02-06_6.72_A8,2026-02-06,6.72,A8,B: 1 D1,B,1 D1,lipid
2026-02-06_6.72_A9,2026-02-06,6.72,A9,B: 1 D2,B,1 D2,lipid
2026-02-06_6.72_A10,2026-02-06,6.72,A10,B: 2 D4,B,2 D4,lipid
2026-02-06_6.72_A11,2026-02-06,6.72,A11,B: 3 A2,B,3 A2,lipid
2026-02-06_6.72_A12,2026-02-06,6.72,A12,B: 4 A4,B,4 A4,lipid
2026-02-06_6.72_B1,2026-02-06,6.72,B1,B: 4 C1,B,4 C1,lipid
2026-02-06_6.72_B2,2026-02-06,6.72,B2,B: 4 D3,B,4 D3,lipid
2026-02-06_6.72_B3,2026-02-06,6.72,B3,C: 1 A3,C,1 A3,lipid
2026-02-06_6.72_B4,2026-02-06,6.72,B4,C: 1 B1,C,1 B1,lipid
2026-02-06_6.72_B5,2026-02-06,6.72,B5,C: 2 D2,C,2 D2,lipid
2026-02-06_6.72_B6,2026-02-06,6.72,B6,C: 3 B4,C,3 B4,lipid
2026-02-06_6.72_B7,2026-02-06,6.72,B7,C: 3 C6,C,3 C6,lipid
2026-02-06_6.72_B8,2026-02-06,6.72,B8,C: 3 D2,C,3 D2,lipid
2026-02-06_6.72_B9,2026-02-06,6.72,B9,C: 4 B3,C,4 B3,lipid
2026-02-06_6.72_B10,2026-02-06,6.72,B10,D: 1 D3,D,1 D3,lipid
2026-02-06_6.72_B11,2026-02-06,6.72,B11,D: 3 A6,D,3 A6,lipid
2026-02-06_6.72_B12,2026-02-06,6.72,B12,D: 3 B3,D,3 B3,lipid
2026-02-06_6.72_C1,2026-02-06,6.72,C1,D: 3 C2,D,3 C2,lipid
2026-02-06_6.72_C2,2026-02-06,6.72,C2,D: 3 D1,D,3 D1,lipid
2026-02-06_6.72_C3,2026-02-06,6.72,C3,D: 3 D5,D,3 D5,lipid
2026-02-06_6.72_C4,2026-02-06,6.72,C4,D: 4 A2,D,4 A2,lipid
2026-02-06_6.72_C5,2026-02-06,6.72,C5,E: 1 A1,E,1 A1,lipid
2026-02-06_6.72_C6,2026-02-06,6.72,C6,E: 1 D4,E,1 D4,lipid
2026-02-06_6.72_C7,2026-02-06,6.72,C7,E: 2 B1,E,2 B1,lipid
2026-02-06_6.72_C8,2026-02-06,6.72,C8,E: 2 D6,E,2 D6,lipid
2026-02-06_6.72_C9,2026-02-06,6.72,C9,E: 3 B5,E,3 B5,lipid
2026-02-06_6.72_C10,2026-02-06,6.72,C10,E: 3 C3,E,3 C3,lipid
2026-02-06_6.72_C11,2026-02-06,6.72,C11,E: 4 D5,E,4 D5,lipid
2026-02-06_6.72_C12,2026-02-06,6.72,C12,F: 1 A2,F,1 A2,lipid
2026-02-06_6.72_D1,2026-02-06,6.72,D1,F: 1 D6,F,1 D6,lipid
2026-02-06_6.72_D2,2026-02-06,6.72,D2,F: 2 A4,F,2 A4,lipid
2026-02-06_6.72_D3,2026-02-06,6.72,D3,F: 2 B4,F,2 B4,lipid
2026-02-06_6.72_D4,2026-02-06,6.72,D4,F: 2 C5,F,2 C5,lipid
2026-02-06_6.72_D5,2026-02-06,6.72,D5,F: 3 C5,F,3 C5,lipid
2026-02-06_6.72_D6,2026-02-06,6.72,D6,F: 3 D6,F,3 D6,lipid
2026-02-06_6.72_D7,2026-02-06,6.72,D7,G: 1 A5,G,1 A5,lipid
2026-02-06_6.72_D8,2026-02-06,6.72,D8,G: 1 B5,G,1 B5,lipid
2026-02-06_6.72_D9,2026-02-06,6.72,D9,G: 2 C6,G,2 C6,lipid
2026-02-06_6.72_D10,2026-02-06,6.72,D10,G: 3 A3,G,3 A3,lipid
2026-02-06_6.72_D11,2026-02-06,6.72,D11,G: 4 A1,G,4 A1,lipid
2026-02-06_6.72_D12,2026-02-06,6.72,D12,G: 4 B2,G,4 B2,lipid
2026-02-06_6.72_E1,2026-02-06,6.72,E1,G: 4 D4,G,4 D4,lipid
2026-02-06_6.72_E2,2026-02-06,6.72,E2,H: 1 A6,H,1 A6,lipid
2026-02-06_6.72_E3,2026-02-06,6.72,E3,H: 2 A6,H,2 A6,lipid
2026-02-06_6.72_E4,2026-02-06,6.72,E4,H: 2 C3,H,2 C3,lipid
2026-02-06_6.72_E5,2026-02-06,6.72,E5,H: 2 D1,H,2 D1,lipid
2026-02-06_6.72_E6,2026-02-06,6.72,E6,H: 3 D3,H,3 D3,lipid
2026-02-06_6.72_E7,2026-02-06,6.72,E7,H: 4 A6,H,4 A6,lipid
2026-02-06_6.72_E8,2026-02-06,6.72,E8,H: 4 D1,H,4 D1,lipid
2026-02-06_6.72_E9,2026-02-06,6.72,E9,I: 1 D5,I,1 D5,lipid
2026-02-06_6.72_E10,2026-02-06,6.72,E10,I: 2 A2,I,2 A2,lipid
2026-02-06_6.72_E11,2026-02-06,6.72,E11,I: 2 A3,I,2 A3,lipid
2026-02-06_6.72_E12,2026-02-06,6.72,E12,I: 2 A5,I,2 A5,lipid
2026-02-06_6.72_F1,2026-02-06,6.72,F1,I: 2 C2,I,2 C2,lipid
2026-02-06_6.72_F2,2026-02-06,6.72,F2,I: 4 A5,I,4 A5,lipid
2026-02-06_6.72_F3,2026-02-06,6.72,F3,I: 4 C4,I,4 C4,lipid
2026-02-06_6.72_F4,2026-02-06,6.72,F4,J: 1 B3,J,1 B3,lipid
2026-02-06_6.72_F5,2026-02-06,6.72,F5,J: 2 B3,J,2 B3,lipid
2026-02-06_6.72_F6,2026-02-06,6.72,F6,J: 2 C1,J,2 C1,lipid
2026-02-06_6.72_F7,2026-02-06,6.72,F7,J: 3 A5,J,3 A5,lipid
2026-02-06_6.72_F8,2026-02-06,6.72,F8,J: 3 C1,J,3 C1,lipid
2026-02-06_6.72_F9,2026-02-06,6.72,F9,J: 4 A3,J,4 A3,lipid
2026-02-06_6.72_F10,2026-02-06,6.72,F10,J: 4 C2,J,4 C2,lipid
2026-02-06_6.72_F11,2026-02-06,6.72,F11,K: 1 B2,K,1 B2,lipid
2026-02-06_6.72_F12,2026-02-06,6.72,F12,K: 1 B6,K,1 B6,lipid
2026-02-06_6.72_G1,2026-02-06,6.72,G1,K: 2 C4,K,2 C4,lipid
2026-02-06_6.72_G2,2026-02-06,6.72,G2,K: 2 D5,K,2 D5,lipid
2026-02-06_6.72_G3,2026-02-06,6.72,G3,K: 3 A4,K,3 A4,lipid
2026-02-06_6.72_G4,2026-02-06,6.72,G4,K: 3 B2,K,3 B2,lipid
2026-02-06_6.72_G5,2026-02-06,6.72,G5,K: 4 B1,K,4 B1,lipid
2026-02-06_6.72_G6,2026-02-06,6.72,G6,L: 2 A1,L,2 A1,lipid
2026-02-06_6.72_G7,2026-02-06,6.72,G7,L: 3 D4,L,3 D4,lipid
2026-02-06_6.72_G8,2026-02-06,6.72,G8,L: 4 D6,L,4 D6,lipid
2026-02-06_6.72_G9,2026-02-06,6.72,G9,L: 1 C2,L,1 C2,lipid
2026-02-06_6.72_G10,2026-02-06,6.72,G10,L: 1 C5,L,1 C5,lipid
2026-02-06_6.72_G11,2026-02-06,6.72,G11,L: 2 B6,L,2 B6,lipid
2026-02-06_6.72_G12,2026-02-06,6.72,G12,L: 4 C6,L,4 C6,lipid
2026-02-06_6.72_H1,2026-02-06,6.72,H1,A,A,,blank
2026-02-06_6.72_H2,2026-02-06,6.72,H2,B,B,,blank
2026-02-06_6.72_H3,2026-02-06,6.72,H3,C,C,,blank
2026-02-06_6.72_H4,2026-02-06,6.72,H4,D,D,,blank
2026-02-06_6.72_H5,2026-02-06,6.72,H5,E,E,,blank
2026-02-06_6.72_H6,2026-02-06,6.72,H6,F,F,,blank
2026-02-06_6.72_H7,2026-02-06,6.72,H7,G,G,,blank
2026-02-06_6.72_H8,2026-02-06,6.72,H8,H,H,,blank
2026-02-06_6.72_H9,2026-02-06,6.72,H9,I,I,,blank
2026-02-06_6.72_H10,2026-02-06,6.72,H10,J,J,,blank
2026-02-06_6.72_H11,2026-02-06,6.72,H11,K,K,,blank
2026-02-06_6.72_H12,2026-02-06,6.72,H12,L,L,,blank
2026-02-06_18.44_A1,2026-02-06,18.44,A1,A: 1 C1,A,1 C1,lipid
2026-02-06_18.44_A2,2026-02-06,18.44,A2,A: 1 C3,A,1 C3,lipid
2026-02-06_18.44_A3,2026-02-06,18.44,A3,A: 1 C6,A,1 C6,lipid
2026-02-06_18.44_A4,2026-02-06,18.44,A4,A: 3 B1,A,3 B1,lipid
2026-02-06_18.44_A5,2026-02-06,18.44,A5,A: 3 C4,A,3 C4,lipid
2026-02-06_18.44_A6,2026-02-06,18.44,A6,A: 4 B5,A,4 B5,lipid
2026-02-06_18.44_A7,2026-02-06,18.44,A7,A: 4 B6,A,4 B6,lipid
2026-02-06_18.44_A8,2026-02-06,18.44,A8,B: 1 D1,B,1 D1,lipid
2026-02-06_18.44_A9,2026-02-06,18.44,A9,B: 1 D2,B,1 D2,lipid
2026-02-06_18.44_A10,2026-02-06,18.44,A10,B: 2 D4,B,2 D4,lipid
2026-02-06_18.44_A11,2026-02-06,18.44,A11,B: 3 A2,B,3 A2,lipid
2026-02-06_18.44_A12,2026-02-06,18.44,A12,B: 4 A4,B,4 A4,lipid
2026-02-06_18.44_B1,2026-02-06,18.44,B1,B: 4 C1,B,4 C1,lipid
2026-02-06_18.44_B2,2026-02-06,18.44,B2,B: 4 D3,B,4 D3,lipid
2026-02-06_18.44_B3,2026-02-06,18.44,B3,C: 1 A3,C,1 A3,lipid
2026-02-06_18.44_B4,2026-02-06,18.44,B4,C: 1 B1,C,1 B1,lipid
2026-02-06_18.44_B5,2026-02-06,18.44,B5,C: 2 D2,C,2 D2,lipid
2026-02-06_18.44_B6,2026-02-06,18.44,B6,C: 3 B4,C,3 B4,lipid
2026-02-06_18.44_B7,2026-02-06,18.44,B7,C: 3 C6,C,3 C6,lipid
2026-02-06_18.44_B8,2026-02-06,18.44,B8,C: 3 D2,C,3 D2,lipid
2026-02-06_18.44_B9,2026-02-06,18.44,B9,C: 4 B3,C,4 B3,lipid
2026-02-06_18.44_B10,2026-02-06,18.44,B10,D: 1 D3,D,1 D3,lipid
2026-02-06_18.44_B11,2026-02-06,18.44,B11,D: 3 A6,D,3 A6,lipid
2026-02-06_18.44_B12,2026-02-06,18.44,B12,D: 3 B3,D,3 B3,lipid
2026-02-06_18.44_C1,2026-02-06,18.44,C1,D: 3 C2,D,3 C2,lipid
2026-02-06_18.44_C2,2026-02-06,18.44,C2,D: 3 D1,D,3 D1,lipid
2026-02-06_18.44_C3,2026-02-06,18.44,C3,D: 3 D5,D,3 D5,lipid
2026-02-06_18.44_C4,2026-02-06,18.44,C4,D: 4 A2,D,4 A2,lipid
2026-02-06_18.44_C5,2026-02-06,18.44,C5,E: 1 A1,E,1 A1,lipid
2026-02-06_18.44_C6,2026-02-06,18.44,C6,E: 1 D4,E,1 D4,lipid
2026-02-06_18.44_C7,2026-02-06,18.44,C7,E: 2 B1,E,2 B1,lipid
2026-02-06_18.44_C8,2026-02-06,18.44,C8,E: 2 D6,E,2 D6,lipid
2026-02-06_18.44_C9,2026-02-06,18.44,C9,E: 3 B5,E,3 B5,lipid
2026-02-06_18.44_C10,2026-02-06,18.44,C10,E: 3 C3,E,3 C3,lipid
2026-02-06_18.44_C11,2026-02-06,18.44,C11,E: 4 D5,E,4 D5,lipid
2026-02-06_18.44_C12,2026-02-06,18.44,C12,F: 1 A2,F,1 A2,lipid
2026-02-06_18.44_D1,2026-02-06,18.44,D1,F: 1 D6,F,1 D6,lipid
2026-02-06_18.44_D2,2026-02-06,18.44,D2,F: 2 A4,F,2 A4,lipid
2026-02-06_18.44_D3,2026-02-06,18.44,D3,F: 2 B4,F,2 B4,lipid
2026-02-06_18.44_D4,2026-02-06,18.44,D4,F: 2 C5,F,2 C5,lipid
2026-02-06_18.44_D5,2026-02-06,18.44,D5,F: 3 C5,F,3 C5,lipid
2026-02-06_18.44_D6,2026-02-06,18.44,D6,F: 3 D6,F,3 D6,lipid
2026-02-06_18.44_D7,2026-02-06,18.44,D7,G: 1 A5,G,1 A5,lipid
2026-02-06_18.44_D8,2026-02-06,18.44,D8,G: 1 B5,G,1 B5,lipid
2026-02-06_18.44_D9,2026-02-06,18.44,D9,G: 2 C6,G,2 C6,lipid
2026-02-06_18.44_D10,2026-02-06,18.44,D10,G: 3 A3,G,3 A3,lipid
2026-02-06_18.44_D11,2026-02-06,18.44,D11,G: 4 A1,G,4 A1,lipid
2026-02-06_18.44_D12,2026-02-06,18.44,D12,G: 4 B2,G,4 B2,lipid
2026-02-06_18.44_E1,2026-02-06,18.44,E1,G: 4 D4,G,4 D4,lipid
2026-02-06_18.44_E2,2026-02-06,18.44,E2,H: 1 A6,H,1 A6,lipid
2026-02-06_18.44_E3,2026-02-06,18.44,E3,H: 2 A6,H,2 A6,lipid
2026-02-06_18.44_E4,2026-02-06,18.44,E4,H: 2 C3,H,2 C3,lipid
2026-02-06_18.44_E5,2026-02-06,18.44,E5,H: 2 D1,H,2 D1,lipid
2026-02-06_18.44_E6,2026-02-06,18.44,E6,H: 3 D3,H,3 D3,lipid
2026-02-06_18.44_E7,2026-02-06,18.44,E7,H: 4 A6,H,4 A6,lipid
2026-02-06_18.44_E8,2026-02-06,18.44,E8,H: 4 D1,H,4 D1,lipid
2026-02-06_18.44_E9,2026-02-06,18.44,E9,I: 1 D5,I,1 D5,lipid
2026-02-06_18.44_E10,2026-02-06,18.44,E10,I: 2 A2,I,2 A2,lipid
2026-02-06_18.44_E11,2026-02-06,18.44,E11,I: 2 A3,I,2 A3,lipid
2026-02-06_18.44_E12,2026-02-06,18.44,E12,I: 2 A5,I,2 A5,lipid
2026-02-06_18.44_F1,2026-02-06,18.44,F1,I: 2 C2,I,2 C2,lipid
2026-02-06_18.44_F2,2026-02-06,18.44,F2,I: 4 A5,I,4 A5,lipid
2026-02-06_18.44_F3,2026-02-06,18.44,F3,I: 4 C4,I,4 C4,lipid
2026-02-06_18.44_F4,2026-02-06,18.44,F4,J: 1 B3,J,1 B3,lipid
2026-02-06_18.44_F5,2026-02-06,18.44,F5,J: 2 B3,J,2 B3,lipid
2026-02-06_18.44_F6,2026-02-06,18.44,F6,J: 2 C1,J,2 C1,lipid
2026-02-06_18.44_F7,2026-02-06,18.44,F7,J: 3 A5,J,3 A5,lipid
2026-02-06_18.44_F8,2026-02-06,18.44,F8,J: 3 C1,J,3 C1,lipid
2026-02-06_18.44_F9,2026-02-06,18.44,F9,J: 4 A3,J,4 A3,lipid
2026-02-06_18.44_F10,2026-02-06,18.44,F10,J: 4 C2,J,4 C2,lipid
2026-02-06_18.44_F11,2026-02-06,18.44,F11,K: 1 B2,K,1 B2,lipid
2026-02-06_18.44_F12,2026-02-06,18.44,F12,K: 1 B6,K,1 B6,lipid
2026-02-06_18.44_G1,2026-02-06,18.44,G1,K: 2 C4,K,2 C4,lipid
2026-02-06_18.44_G2,2026-02-06,18.44,G2,K: 2 D5,K,2 D5,lipid
2026-02-06_18.44_G3,2026-02-06,18.44,G3,K: 3 A4,K,3 A4,lipid
2026-02-06_18.44_G4,2026-02-06,18.44,G4,K: 3 B2,K,3 B2,lipid
2026-02-06_18.44_G5,2026-02-06,18.44,G5,K: 4 B1,K,4 B1,lipid
2026-02-06_18.44_G6,2026-02-06,18.44,G6,L: 2 A1,L,2 A1,lipid
2026-02-06_18.44_G7,2026-02-06,18.44,G7,L: 3 D4,L,3 D4,lipid
2026-02-06_18.44_G8,2026-02-06,18.44,G8,L: 4 D6,L,4 D6,lipid
2026-02-06_18.44_G9,2026-02-06,18.44,G9,L: 1 C2,L,1 C2,lipid
2026-02-06_18.44_G10,2026-02-06,18.44,G10,L: 1 C5,L,1 C5,lipid
2026-02-06_18.44_G11,2026-02-06,18.44,G11,L: 2 B6,L,2 B6,lipid
2026-02-06_18.44_G12,2026-02-06,18.44,G12,L: 4 C6,L,4 C6,lipid
2026-02-06_18.44_H1,2026-02-06,18.44,H1,A,A,,blank
2026-02-06_18.44_H2,2026-02-06,18.44,H2,B,B,,blank
2026-02-06_18.44_H3,2026-02-06,18.44,H3,C,C,,blank
2026-02-06_18.44_H4,2026-02-06,18.44,H4,D,D,,blank
2026-02-06_18.44_H5,2026-02-06,18.44,H5,E,E,,blank
2026-02-06_18.44_H6,2026-02-06,18.44,H6,F,F,,blank
2026-02-06_18.44_H7,2026-02-06,18.44,H7,G,G,,blank
2026-02-06_18.44_H8,2026-02-06,18.44,H8,H,H,,blank
2026-02-06_18.44_H9,2026-02-06,18.44,H9,I,I,,blank
2026-02-06_18.44_H10,2026-02-06,18.44,H10,J,J,,blank
2026-02-06_18.44_H11,2026-02-06,18.44,H11,K,K,,blank
2026-02-06_18.44_H12,2026-02-06,18.44,H12,L,L,,blank
2026-02-06_24_A1,2026-02-06,24,A1,A: 1 C1,A,1 C1,lipid
2026-02-06_24_A2,2026-02-06,24,A2,A: 1 C3,A,1 C3,lipid
2026-02-06_24_A3,2026-02-06,24,A3,A: 1 C6,A,1 C6,lipid
2026-02-06_24_A4,2026-02-06,24,A4,A: 3 B1,A,3 B1,lipid
2026-02-06_24_A5,2026-02-06,24,A5,A: 3 C4,A,3 C4,lipid
2026-02-06_24_A6,2026-02-06,24,A6,A: 4 B5,A,4 B5,lipid
2026-02-06_24_A7,2026-02-06,24,A7,A: 4 B6,A,4 B6,lipid
2026-02-06_24_A8,2026-02-06,24,A8,B: 1 D1,B,1 D1,lipid
2026-02-06_24_A9,2026-02-06,24,A9,B: 1 D2,B,1 D2,lipid
2026-02-06_24_A10,2026-02-06,24,A10,B: 2 D4,B,2 D4,lipid
2026-02-06_24_A11,2026-02-06,24,A11,B: 3 A2,B,3 A2,lipid
2026-02-06_24_A12,2026-02-06,24,A12,B: 4 A4,B,4 A4,lipid
2026-02-06_24_B1,2026-02-06,24,B1,B: 4 C1,B,4 C1,lipid
2026-02-06_24_B2,2026-02-06,24,B2,B: 4 D3,B,4 D3,lipid
2026-02-06_24_B3,2026-02-06,24,B3,C: 1 A3,C,1 A3,lipid
2026-02-06_24_B4,2026-02-06,24,B4,C: 1 B1,C,1 B1,lipid
2026-02-06_24_B5,2026-02-06,24,B5,C: 2 D2,C,2 D2,lipid
2026-02-06_24_B6,2026-02-06,24,B6,C: 3 B4,C,3 B4,lipid
2026-02-06_24_B7,2026-02-06,24,B7,C: 3 C6,C,3 C6,lipid
2026-02-06_24_B8,2026-02-06,24,B8,C: 3 D2,C,3 D2,lipid
2026-02-06_24_B9,2026-02-06,24,B9,C: 4 B3,C,4 B3,lipid
2026-02-06_24_B10,2026-02-06,24,B10,D: 1 D3,D,1 D3,lipid
2026-02-06_24_B11,2026-02-06,24,B11,D: 3 A6,D,3 A6,lipid
2026-02-06_24_B12,2026-02-06,24,B12,D: 3 B3,D,3 B3,lipid
2026-02-06_24_C1,2026-02-06,24,C1,D: 3 C2,D,3 C2,lipid
2026-02-06_24_C2,2026-02-06,24,C2,D: 3 D1,D,3 D1,lipid
2026-02-06_24_C3,2026-02-06,24,C3,D: 3 D5,D,3 D5,lipid
2026-02-06_24_C4,2026-02-06,24,C4,D: 4 A2,D,4 A2,lipid
2026-02-06_24_C5,2026-02-06,24,C5,E: 1 A1,E,1 A1,lipid
2026-02-06_24_C6,2026-02-06,24,C6,E: 1 D4,E,1 D4,lipid
2026-02-06_24_C7,2026-02-06,24,C7,E: 2 B1,E,2 B1,lipid
2026-02-06_24_C8,2026-02-06,24,C8,E: 2 D6,E,2 D6,lipid
2026-02-06_24_C9,2026-02-06,24,C9,E: 3 B5,E,3 B5,lipid
2026-02-06_24_C10,2026-02-06,24,C10,E: 3 C3,E,3 C3,lipid
2026-02-06_24_C11,2026-02-06,24,C11,E: 4 D5,E,4 D5,lipid
2026-02-06_24_C12,2026-02-06,24,C12,F: 1 A2,F,1 A2,lipid
2026-02-06_24_D1,2026-02-06,24,D1,F: 1 D6,F,1 D6,lipid
2026-02-06_24_D2,2026-02-06,24,D2,F: 2 A4,F,2 A4,lipid
2026-02-06_24_D3,2026-02-06,24,D3,F: 2 B4,F,2 B4,lipid
2026-02-06_24_D4,2026-02-06,24,D4,F: 2 C5,F,2 C5,lipid
2026-02-06_24_D5,2026-02-06,24,D5,F: 3 C5,F,3 C5,lipid
2026-02-06_24_D6,2026-02-06,24,D6,F: 3 D6,F,3 D6,lipid
2026-02-06_24_D7,2026-02-06,24,D7,G: 1 A5,G,1 A5,lipid
2026-02-06_24_D8,2026-02-06,24,D8,G: 1 B5,G,1 B5,lipid
2026-02-06_24_D9,2026-02-06,24,D9,G: 2 C6,G,2 C6,lipid
2026-02-06_24_D10,2026-02-06,24,D10,G: 3 A3,G,3 A3,lipid
2026-02-06_24_D11,2026-02-06,24,D11,G: 4 A1,G,4 A1,lipid
2026-02-06_24_D12,2026-02-06,24,D12,G: 4 B2,G,4 B2,lipid
2026-02-06_24_E1,2026-02-06,24,E1,G: 4 D4,G,4 D4,lipid
2026-02-06_24_E2,2026-02-06,24,E2,H: 1 A6,H,1 A6,lipid
2026-02-06_24_E3,2026-02-06,24,E3,H: 2 A6,H,2 A6,lipid
2026-02-06_24_E4,2026-02-06,24,E4,H: 2 C3,H,2 C3,lipid
2026-02-06_24_E5,2026-02-06,24,E5,H: 2 D1,H,2 D1,lipid
2026-02-06_24_E6,2026-02-06,24,E6,H: 3 D3,H,3 D3,lipid
2026-02-06_24_E7,2026-02-06,24,E7,H: 4 A6,H,4 A6,lipid
2026-02-06_24_E8,2026-02-06,24,E8,H: 4 D1,H,4 D1,lipid
2026-02-06_24_E9,2026-02-06,24,E9,I: 1 D5,I,1 D5,lipid
2026-02-06_24_E10,2026-02-06,24,E10,I: 2 A2,I,2 A2,lipid
2026-02-06_24_E11,2026-02-06,24,E11,I: 2 A3,I,2 A3,lipid
2026-02-06_24_E12,2026-02-06,24,E12,I: 2 A5,I,2 A5,lipid
2026-02-06_24_F1,2026-02-06,24,F1,I: 2 C2,I,2 C2,lipid
2026-02-06_24_F2,2026-02-06,24,F2,I: 4 A5,I,4 A5,lipid
2026-02-06_24_F3,2026-02-06,24,F3,I: 4 C4,I,4 C4,lipid
2026-02-06_24_F4,2026-02-06,24,F4,J: 1 B3,J,1 B3,lipid
2026-02-06_24_F5,2026-02-06,24,F5,J: 2 B3,J,2 B3,lipid
2026-02-06_24_F6,2026-02-06,24,F6,J: 2 C1,J,2 C1,lipid
2026-02-06_24_F7,2026-02-06,24,F7,J: 3 A5,J,3 A5,lipid
2026-02-06_24_F8,2026-02-06,24,F8,J: 3 C1,J,3 C1,lipid
2026-02-06_24_F9,2026-02-06,24,F9,J: 4 A3,J,4 A3,lipid
2026-02-06_24_F10,2026-02-06,24,F10,J: 4 C2,J,4 C2,lipid
2026-02-06_24_F11,2026-02-06,24,F11,K: 1 B2,K,1 B2,lipid
2026-02-06_24_F12,2026-02-06,24,F12,K: 1 B6,K,1 B6,lipid
2026-02-06_24_G1,2026-02-06,24,G1,K: 2 C4,K,2 C4,lipid
2026-02-06_24_G2,2026-02-06,24,G2,K: 2 D5,K,2 D5,lipid
2026-02-06_24_G3,2026-02-06,24,G3,K: 3 A4,K,3 A4,lipid
2026-02-06_24_G4,2026-02-06,24,G4,K: 3 B2,K,3 B2,lipid
2026-02-06_24_G5,2026-02-06,24,G5,K: 4 B1,K,4 B1,lipid
2026-02-06_24_G6,2026-02-06,24,G6,L: 2 A1,L,2 A1,lipid
2026-02-06_24_G7,2026-02-06,24,G7,L: 3 D4,L,3 D4,lipid
2026-02-06_24_G8,2026-02-06,24,G8,L: 4 D6,L,4 D6,lipid
2026-02-06_24_G9,2026-02-06,24,G9,L: 1 C2,L,1 C2,lipid
2026-02-06_24_G10,2026-02-06,24,G10,L: 1 C5,L,1 C5,lipid
2026-02-06_24_G11,2026-02-06,24,G11,L: 2 B6,L,2 B6,lipid
2026-02-06_24_G12,2026-02-06,24,G12,L: 4 C6,L,4 C6,lipid
2026-02-06_24_H1,2026-02-06,24,H1,A,A,,blank
2026-02-06_24_H2,2026-02-06,24,H2,B,B,,blank
2026-02-06_24_H3,2026-02-06,24,H3,C,C,,blank
2026-02-06_24_H4,2026-02-06,24,H4,D,D,,blank
2026-02-06_24_H5,2026-02-06,24,H5,E,E,,blank
2026-02-06_24_H6,2026-02-06,24,H6,F,F,,blank
2026-02-06_24_H7,2026-02-06,24,H7,G,G,,blank
2026-02-06_24_H8,2026-02-06,24,H8,H,H,,blank
2026-02-06_24_H9,2026-02-06,24,H9,I,I,,blank
2026-02-06_24_H10,2026-02-06,24,H10,J,J,,blank
2026-02-06_24_H11,2026-02-06,24,H11,K,K,,blank
2026-02-06_24_H12,2026-02-06,24,H12,L,L,,blank
2026-02-06_29.82_A1,2026-02-06,29.82,A1,A: 1 C1,A,1 C1,lipid
2026-02-06_29.82_A2,2026-02-06,29.82,A2,A: 1 C3,A,1 C3,lipid
2026-02-06_29.82_A3,2026-02-06,29.82,A3,A: 1 C6,A,1 C6,lipid
2026-02-06_29.82_A4,2026-02-06,29.82,A4,A: 3 B1,A,3 B1,lipid
2026-02-06_29.82_A5,2026-02-06,29.82,A5,A: 3 C4,A,3 C4,lipid
2026-02-06_29.82_A6,2026-02-06,29.82,A6,A: 4 B5,A,4 B5,lipid
2026-02-06_29.82_A7,2026-02-06,29.82,A7,A: 4 B6,A,4 B6,lipid
2026-02-06_29.82_A8,2026-02-06,29.82,A8,B: 1 D1,B,1 D1,lipid
2026-02-06_29.82_A9,2026-02-06,29.82,A9,B: 1 D2,B,1 D2,lipid
2026-02-06_29.82_A10,2026-02-06,29.82,A10,B: 2 D4,B,2 D4,lipid
2026-02-06_29.82_A11,2026-02-06,29.82,A11,B: 3 A2,B,3 A2,lipid
2026-02-06_29.82_A12,2026-02-06,29.82,A12,B: 4 A4,B,4 A4,lipid
2026-02-06_29.82_B1,2026-02-06,29.82,B1,B: 4 C1,B,4 C1,lipid
2026-02-06_29.82_B2,2026-02-06,29.82,B2,B: 4 D3,B,4 D3,lipid
2026-02-06_29.82_B3,2026-02-06,29.82,B3,C: 1 A3,C,1 A3,lipid
2026-02-06_29.82_B4,2026-02-06,29.82,B4,C: 1 B1,C,1 B1,lipid
2026-02-06_29.82_B5,2026-02-06,29.82,B5,C: 2 D2,C,2 D2,lipid
2026-02-06_29.82_B6,2026-02-06,29.82,B6,C: 3 B4,C,3 B4,lipid
2026-02-06_29.82_B7,2026-02-06,29.82,B7,C: 3 C6,C,3 C6,lipid
2026-02-06_29.82_B8,2026-02-06,29.82,B8,C: 3 D2,C,3 D2,lipid
2026-02-06_29.82_B9,2026-02-06,29.82,B9,C: 4 B3,C,4 B3,lipid
2026-02-06_29.82_B10,2026-02-06,29.82,B10,D: 1 D3,D,1 D3,lipid
2026-02-06_29.82_B11,2026-02-06,29.82,B11,D: 3 A6,D,3 A6,lipid
2026-02-06_29.82_B12,2026-02-06,29.82,B12,D: 3 B3,D,3 B3,lipid
2026-02-06_29.82_C1,2026-02-06,29.82,C1,D: 3 C2,D,3 C2,lipid
2026-02-06_29.82_C2,2026-02-06,29.82,C2,D: 3 D1,D,3 D1,lipid
2026-02-06_29.82_C3,2026-02-06,29.82,C3,D: 3 D5,D,3 D5,lipid
2026-02-06_29.82_C4,2026-02-06,29.82,C4,D: 4 A2,D,4 A2,lipid
2026-02-06_29.82_C5,2026-02-06,29.82,C5,E: 1 A1,E,1 A1,lipid
2026-02-06_29.82_C6,2026-02-06,29.82,C6,E: 1 D4,E,1 D4,lipid
2026-02-06_29.82_C7,2026-02-06,29.82,C7,E: 2 B1,E,2 B1,lipid
2026-02-06_29.82_C8,2026-02-06,29.82,C8,E: 2 D6,E,2 D6,lipid
2026-02-06_29.82_C9,2026-02-06,29.82,C9,E: 3 B5,E,3 B5,lipid
2026-02-06_29.82_C10,2026-02-06,29.82,C10,E: 3 C3,E,3 C3,lipid
2026-02-06_29.82_C11,2026-02-06,29.82,C11,E: 4 D5,E,4 D5,lipid
2026-02-06_29.82_C12,2026-02-06,29.82,C12,F: 1 A2,F,1 A2,lipid
2026-02-06_29.82_D1,2026-02-06,29.82,D1,F: 1 D6,F,1 D6,lipid
2026-02-06_29.82_D2,2026-02-06,29.82,D2,F: 2 A4,F,2 A4,lipid
2026-02-06_29.82_D3,2026-02-06,29.82,D3,F: 2 B4,F,2 B4,lipid
2026-02-06_29.82_D4,2026-02-06,29.82,D4,F: 2 C5,F,2 C5,lipid
2026-02-06_29.82_D5,2026-02-06,29.82,D5,F: 3 C5,F,3 C5,lipid
2026-02-06_29.82_D6,2026-02-06,29.82,D6,F: 3 D6,F,3 D6,lipid
2026-02-06_29.82_D7,2026-02-06,29.82,D7,G: 1 A5,G,1 A5,lipid
2026-02-06_29.82_D8,2026-02-06,29.82,D8,G: 1 B5,G,1 B5,lipid
2026-02-06_29.82_D9,2026-02-06,29.82,D9,G: 2 C6,G,2 C6,lipid
2026-02-06_29.82_D10,2026-02-06,29.82,D10,G: 3 A3,G,3 A3,lipid
2026-02-06_29.82_D11,2026-02-06,29.82,D11,G: 4 A1,G,4 A1,lipid
2026-02-06_29.82_D12,2026-02-06,29.82,D12,G: 4 B2,G,4 B2,lipid
2026-02-06_29.82_E1,2026-02-06,29.82,E1,G: 4 D4,G,4 D4,lipid
2026-02-06_29.82_E2,2026-02-06,29.82,E2,H: 1 A6,H,1 A6,lipid
2026-02-06_29.82_E3,2026-02-06,29.82,E3,H: 2 A6,H,2 A6,lipid
2026-02-06_29.82_E4,2026-02-06,29.82,E4,H: 2 C3,H,2 C3,lipid
2026-02-06_29.82_E5,2026-02-06,29.82,E5,H: 2 D1,H,2 D1,lipid
2026-02-06_29.82_E6,2026-02-06,29.82,E6,H: 3 D3,H,3 D3,lipid
2026-02-06_29.82_E7,2026-02-06,29.82,E7,H: 4 A6,H,4 A6,lipid
2026-02-06_29.82_E8,2026-02-06,29.82,E8,H: 4 D1,H,4 D1,lipid
2026-02-06_29.82_E9,2026-02-06,29.82,E9,I: 1 D5,I,1 D5,lipid
2026-02-06_29.82_E10,2026-02-06,29.82,E10,I: 2 A2,I,2 A2,lipid
2026-02-06_29.82_E11,2026-02-06,29.82,E11,I: 2 A3,I,2 A3,lipid
2026-02-06_29.82_E12,2026-02-06,29.82,E12,I: 2 A5,I,2 A5,lipid
2026-02-06_29.82_F1,2026-02-06,29.82,F1,I: 2 C2,I,2 C2,lipid
2026-02-06_29.82_F2,2026-02-06,29.82,F2,I: 4 A5,I,4 A5,lipid
2026-02-06_29.82_F3,2026-02-06,29.82,F3,I: 4 C4,I,4 C4,lipid
2026-02-06_29.82_F4,2026-02-06,29.82,F4,J: 1 B3,J,1 B3,lipid
2026-02-06_29.82_F5,2026-02-06,29.82,F5,J: 2 B3,J,2 B3,lipid
2026-02-06_29.82_F6,2026-02-06,29.82,F6,J: 2 C1,J,2 C1,lipid
2026-02-06_29.82_F7,2026-02-06,29.82,F7,J: 3 A5,J,3 A5,lipid
2026-02-06_29.82_F8,2026-02-06,29.82,F8,J: 3 C1,J,3 C1,lipid
2026-02-06_29.82_F9,2026-02-06,29.82,F9,J: 4 A3,J,4 A3,lipid
2026-02-06_29.82_F10,2026-02-06,29.82,F10,J: 4 C2,J,4 C2,lipid
2026-02-06_29.82_F11,2026-02-06,29.82,F11,K: 1 B2,K,1 B2,lipid
2026-02-06_29.82_F12,2026-02-06,29.82,F12,K: 1 B6,K,1 B6,lipid
2026-02-06_29.82_G1,2026-02-06,29.82,G1,K: 2 C4,K,2 C4,lipid
2026-02-06_29.82_G2,2026-02-06,29.82,G2,K: 2 D5,K,2 D5,lipid
2026-02-06_29.82_G3,2026-02-06,29.82,G3,K: 3 A4,K,3 A4,lipid
2026-02-06_29.82_G4,2026-02-06,29.82,G4,K: 3 B2,K,3 B2,lipid
2026-02-06_29.82_G5,2026-02-06,29.82,G5,K: 4 B1,K,4 B1,lipid
2026-02-06_29.82_G6,2026-02-06,29.82,G6,L: 2 A1,L,2 A1,lipid
2026-02-06_29.82_G7,2026-02-06,29.82,G7,L: 3 D4,L,3 D4,lipid
2026-02-06_29.82_G8,2026-02-06,29.82,G8,L: 4 D6,L,4 D6,lipid
2026-02-06_29.82_G9,2026-02-06,29.82,G9,L: 1 C2,L,1 C2,lipid
2026-02-06_29.82_G10,2026-02-06,29.82,G10,L: 1 C5,L,1 C5,lipid
2026-02-06_29.82_G11,2026-02-06,29.82,G11,L: 2 B6,L,2 B6,lipid
2026-02-06_29.82_G12,2026-02-06,29.82,G12,L: 4 C6,L,4 C6,lipid
2026-02-06_29.82_H1,2026-02-06,29.82,H1,A,A,,blank
2026-02-06_29.82_H2,2026-02-06,29.82,H2,B,B,,blank
2026-02-06_29.82_H3,2026-02-06,29.82,H3,C,C,,blank
2026-02-06_29.82_H4,2026-02-06,29.82,H4,D,D,,blank
2026-02-06_29.82_H5,2026-02-06,29.82,H5,E,E,,blank
2026-02-06_29.82_H6,2026-02-06,29.82,H6,F,F,,blank
2026-02-06_29.82_H7,2026-02-06,29.82,H7,G,G,,blank
2026-02-06_29.82_H8,2026-02-06,29.82,H8,H,H,,blank
2026-02-06_29.82_H9,2026-02-06,29.82,H9,I,I,,blank
2026-02-06_29.82_H10,2026-02-06,29.82,H10,J,J,,blank
2026-02-06_29.82_H11,2026-02-06,29.82,H11,K,K,,blank
2026-02-06_29.82_H12,2026-02-06,29.82,H12,L,L,,blank
2026-02-06_36.49_A1,2026-02-06,36.49,A1,A: 1 C1,A,1 C1,lipid
2026-02-06_36.49_A2,2026-02-06,36.49,A2,A: 1 C3,A,1 C3,lipid
2026-02-06_36.49_A3,2026-02-06,36.49,A3,A: 1 C6,A,1 C6,lipid
2026-02-06_36.49_A4,2026-02-06,36.49,A4,A: 3 B1,A,3 B1,lipid
2026-02-06_36.49_A5,2026-02-06,36.49,A5,A: 3 C4,A,3 C4,lipid
2026-02-06_36.49_A6,2026-02-06,36.49,A6,A: 4 B5,A,4 B5,lipid
2026-02-06_36.49_A7,2026-02-06,36.49,A7,A: 4 B6,A,4 B6,lipid
2026-02-06_36.49_A8,2026-02-06,36.49,A8,B: 1 D1,B,1 D1,lipid
2026-02-06_36.49_A9,2026-02-06,36.49,A9,B: 1 D2,B,1 D2,lipid
2026-02-06_36.49_A10,2026-02-06,36.49,A10,B: 2 D4,B,2 D4,lipid
2026-02-06_36.49_A11,2026-02-06,36.49,A11,B: 3 A2,B,3 A2,lipid
2026-02-06_36.49_A12,2026-02-06,36.49,A12,B: 4 A4,B,4 A4,lipid
2026-02-06_36.49_B1,2026-02-06,36.49,B1,B: 4 C1,B,4 C1,lipid
2026-02-06_36.49_B2,2026-02-06,36.49,B2,B: 4 D3,B,4 D3,lipid
2026-02-06_36.49_B3,2026-02-06,36.49,B3,C: 1 A3,C,1 A3,lipid
2026-02-06_36.49_B4,2026-02-06,36.49,B4,C: 1 B1,C,1 B1,lipid
2026-02-06_36.49_B5,2026-02-06,36.49,B5,C: 2 D2,C,2 D2,lipid
2026-02-06_36.49_B6,2026-02-06,36.49,B6,C: 3 B4,C,3 B4,lipid
2026-02-06_36.49_B7,2026-02-06,36.49,B7,C: 3 C6,C,3 C6,lipid
2026-02-06_36.49_B8,2026-02-06,36.49,B8,C: 3 D2,C,3 D2,lipid
2026-02-06_36.49_B9,2026-02-06,36.49,B9,C: 4 B3,C,4 B3,lipid
2026-02-06_36.49_B10,2026-02-06,36.49,B10,D: 1 D3,D,1 D3,lipid
2026-02-06_36.49_B11,2026-02-06,36.49,B11,D: 3 A6,D,3 A6,lipid
2026-02-06_36.49_B12,2026-02-06,36.49,B12,D: 3 B3,D,3 B3,lipid
2026-02-06_36.49_C1,2026-02-06,36.49,C1,D: 3 C2,D,3 C2,lipid
2026-02-06_36.49_C2,2026-02-06,36.49,C2,D: 3 D1,D,3 D1,lipid
2026-02-06_36.49_C3,2026-02-06,36.49,C3,D: 3 D5,D,3 D5,lipid
2026-02-06_36.49_C4,2026-02-06,36.49,C4,D: 4 A2,D,4 A2,lipid
2026-02-06_36.49_C5,2026-02-06,36.49,C5,E: 1 A1,E,1 A1,lipid
2026-02-06_36.49_C6,2026-02-06,36.49,C6,E: 1 D4,E,1 D4,lipid
2026-02-06_36.49_C7,2026-02-06,36.49,C7,E: 2 B1,E,2 B1,lipid
2026-02-06_36.49_C8,2026-02-06,36.49,C8,E: 2 D6,E,2 D6,lipid
2026-02-06_36.49_C9,2026-02-06,36.49,C9,E: 3 B5,E,3 B5,lipid
2026-02-06_36.49_C10,2026-02-06,36.49,C10,E: 3 C3,E,3 C3,lipid
2026-02-06_36.49_C11,2026-02-06,36.49,C11,E: 4 D5,E,4 D5,lipid
2026-02-06_36.49_C12,2026-02-06,36.49,C12,F: 1 A2,F,1 A2,lipid
2026-02-06_36.49_D1,2026-02-06,36.49,D1,F: 1 D6,F,1 D6,lipid
2026-02-06_36.49_D2,2026-02-06,36.49,D2,F: 2 A4,F,2 A4,lipid
2026-02-06_36.49_D3,2026-02-06,36.49,D3,F: 2 B4,F,2 B4,lipid
2026-02-06_36.49_D4,2026-02-06,36.49,D4,F: 2 C5,F,2 C5,lipid
2026-02-06_36.49_D5,2026-02-06,36.49,D5,F: 3 C5,F,3 C5,lipid
2026-02-06_36.49_D6,2026-02-06,36.49,D6,F: 3 D6,F,3 D6,lipid
2026-02-06_36.49_D7,2026-02-06,36.49,D7,G: 1 A5,G,1 A5,lipid
2026-02-06_36.49_D8,2026-02-06,36.49,D8,G: 1 B5,G,1 B5,lipid
2026-02-06_36.49_D9,2026-02-06,36.49,D9,G: 2 C6,G,2 C6,lipid
2026-02-06_36.49_D10,2026-02-06,36.49,D10,G: 3 A3,G,3 A3,lipid
2026-02-06_36.49_D11,2026-02-06,36.49,D11,G: 4 A1,G,4 A1,lipid
2026-02-06_36.49_D12,2026-02-06,36.49,D12,G: 4 B2,G,4 B2,lipid
2026-02-06_36.49_E1,2026-02-06,36.49,E1,G: 4 D4,G,4 D4,lipid
2026-02-06_36.49_E2,2026-02-06,36.49,E2,H: 1 A6,H,1 A6,lipid
2026-02-06_36.49_E3,2026-02-06,36.49,E3,H: 2 A6,H,2 A6,lipid
2026-02-06_36.49_E4,2026-02-06,36.49,E4,H: 2 C3,H,2 C3,lipid
2026-02-06_36.49_E5,2026-02-06,36.49,E5,H: 2 D1,H,2 D1,lipid
2026-02-06_36.49_E6,2026-02-06,36.49,E6,H: 3 D3,H,3 D3,lipid
2026-02-06_36.49_E7,2026-02-06,36.49,E7,H: 4 A6,H,4 A6,lipid
2026-02-06_36.49_E8,2026-02-06,36.49,E8,H: 4 D1,H,4 D1,lipid
2026-02-06_36.49_E9,2026-02-06,36.49,E9,I: 1 D5,I,1 D5,lipid
2026-02-06_36.49_E10,2026-02-06,36.49,E10,I: 2 A2,I,2 A2,lipid
2026-02-06_36.49_E11,2026-02-06,36.49,E11,I: 2 A3,I,2 A3,lipid
2026-02-06_36.49_E12,2026-02-06,36.49,E12,I: 2 A5,I,2 A5,lipid
2026-02-06_36.49_F1,2026-02-06,36.49,F1,I: 2 C2,I,2 C2,lipid
2026-02-06_36.49_F2,2026-02-06,36.49,F2,I: 4 A5,I,4 A5,lipid
2026-02-06_36.49_F3,2026-02-06,36.49,F3,I: 4 C4,I,4 C4,lipid
2026-02-06_36.49_F4,2026-02-06,36.49,F4,J: 1 B3,J,1 B3,lipid
2026-02-06_36.49_F5,2026-02-06,36.49,F5,J: 2 B3,J,2 B3,lipid
2026-02-06_36.49_F6,2026-02-06,36.49,F6,J: 2 C1,J,2 C1,lipid
2026-02-06_36.49_F7,2026-02-06,36.49,F7,J: 3 A5,J,3 A5,lipid
2026-02-06_36.49_F8,2026-02-06,36.49,F8,J: 3 C1,J,3 C1,lipid
2026-02-06_36.49_F9,2026-02-06,36.49,F9,J: 4 A3,J,4 A3,lipid
2026-02-06_36.49_F10,2026-02-06,36.49,F10,J: 4 C2,J,4 C2,lipid
2026-02-06_36.49_F11,2026-02-06,36.49,F11,K: 1 B2,K,1 B2,lipid
2026-02-06_36.49_F12,2026-02-06,36.49,F12,K: 1 B6,K,1 B6,lipid
2026-02-06_36.49_G1,2026-02-06,36.49,G1,K: 2 C4,K,2 C4,lipid
2026-02-06_36.49_G2,2026-02-06,36.49,G2,K: 2 D5,K,2 D5,lipid
2026-02-06_36.49_G3,2026-02-06,36.49,G3,K: 3 A4,K,3 A4,lipid
2026-02-06_36.49_G4,2026-02-06,36.49,G4,K: 3 B2,K,3 B2,lipid
2026-02-06_36.49_G5,2026-02-06,36.49,G5,K: 4 B1,K,4 B1,lipid
2026-02-06_36.49_G6,2026-02-06,36.49,G6,L: 2 A1,L,2 A1,lipid
2026-02-06_36.49_G7,2026-02-06,36.49,G7,L: 3 D4,L,3 D4,lipid
2026-02-06_36.49_G8,2026-02-06,36.49,G8,L: 4 D6,L,4 D6,lipid
2026-02-06_36.49_G9,2026-02-06,36.49,G9,L: 1 C2,L,1 C2,lipid
2026-02-06_36.49_G10,2026-02-06,36.49,G10,L: 1 C5,L,1 C5,lipid
2026-02-06_36.49_G11,2026-02-06,36.49,G11,L: 2 B6,L,2 B6,lipid
2026-02-06_36.49_G12,2026-02-06,36.49,G12,L: 4 C6,L,4 C6,lipid
2026-02-06_36.49_H1,2026-02-06,36.49,H1,A,A,,blank
2026-02-06_36.49_H2,2026-02-06,36.49,H2,B,B,,blank
2026-02-06_36.49_H3,2026-02-06,36.49,H3,C,C,,blank
2026-02-06_36.49_H4,2026-02-06,36.49,H4,D,D,,blank
2026-02-06_36.49_H5,2026-02-06,36.49,H5,E,E,,blank
2026-02-06_36.49_H6,2026-02-06,36.49,H6,F,F,,blank
2026-02-06_36.49_H7,2026-02-06,36.49,H7,G,G,,blank
2026-02-06_36.49_H8,2026-02-06,36.49,H8,H,H,,blank
2026-02-06_36.49_H9,2026-02-06,36.49,H9,I,I,,blank
2026-02-06_36.49_H10,2026-02-06,36.49,H10,J,J,,blank
2026-02-06_36.49_H11,2026-02-06,36.49,H11,K,K,,blank
2026-02-06_36.49_H12,2026-02-06,36.49,H12,L,L,,blank
2026-02-06_38.74_A1,2026-02-06,38.74,A1,A: 1 C1,A,1 C1,lipid
2026-02-06_38.74_A2,2026-02-06,38.74,A2,A: 1 C3,A,1 C3,lipid
2026-02-06_38.74_A3,2026-02-06,38.74,A3,A: 1 C6,A,1 C6,lipid
2026-02-06_38.74_A4,2026-02-06,38.74,A4,A: 3 B1,A,3 B1,lipid
2026-02-06_38.74_A5,2026-02-06,38.74,A5,A: 3 C4,A,3 C4,lipid
2026-02-06_38.74_A6,2026-02-06,38.74,A6,A: 4 B5,A,4 B5,lipid
2026-02-06_38.74_A7,2026-02-06,38.74,A7,A: 4 B6,A,4 B6,lipid
2026-02-06_38.74_A8,2026-02-06,38.74,A8,B: 1 D1,B,1 D1,lipid
2026-02-06_38.74_A9,2026-02-06,38.74,A9,B: 1 D2,B,1 D2,lipid
2026-02-06_38.74_A10,2026-02-06,38.74,A10,B: 2 D4,B,2 D4,lipid
2026-02-06_38.74_A11,2026-02-06,38.74,A11,B: 3 A2,B,3 A2,lipid
2026-02-06_38.74_A12,2026-02-06,38.74,A12,B: 4 A4,B,4 A4,lipid
2026-02-06_38.74_B1,2026-02-06,38.74,B1,B: 4 C1,B,4 C1,lipid
2026-02-06_38.74_B2,2026-02-06,38.74,B2,B: 4 D3,B,4 D3,lipid
2026-02-06_38.74_B3,2026-02-06,38.74,B3,C: 1 A3,C,1 A3,lipid
2026-02-06_38.74_B4,2026-02-06,38.74,B4,C: 1 B1,C,1 B1,lipid
2026-02-06_38.74_B5,2026-02-06,38.74,B5,C: 2 D2,C,2 D2,lipid
2026-02-06_38.74_B6,2026-02-06,38.74,B6,C: 3 B4,C,3 B4,lipid
2026-02-06_38.74_B7,2026-02-06,38.74,B7,C: 3 C6,C,3 C6,lipid
2026-02-06_38.74_B8,2026-02-06,38.74,B8,C: 3 D2,C,3 D2,lipid
2026-02-06_38.74_B9,2026-02-06,38.74,B9,C: 4 B3,C,4 B3,lipid
2026-02-06_38.74_B10,2026-02-06,38.74,B10,D: 1 D3,D,1 D3,lipid
2026-02-06_38.74_B11,2026-02-06,38.74,B11,D: 3 A6,D,3 A6,lipid
2026-02-06_38.74_B12,2026-02-06,38.74,B12,D: 3 B3,D,3 B3,lipid
2026-02-06_38.74_C1,2026-02-06,38.74,C1,D: 3 C2,D,3 C2,lipid
2026-02-06_38.74_C2,2026-02-06,38.74,C2,D: 3 D1,D,3 D1,lipid
2026-02-06_38.74_C3,2026-02-06,38.74,C3,D: 3 D5,D,3 D5,lipid
2026-02-06_38.74_C4,2026-02-06,38.74,C4,D: 4 A2,D,4 A2,lipid
2026-02-06_38.74_C5,2026-02-06,38.74,C5,E: 1 A1,E,1 A1,lipid
2026-02-06_38.74_C6,2026-02-06,38.74,C6,E: 1 D4,E,1 D4,lipid
2026-02-06_38.74_C7,2026-02-06,38.74,C7,E: 2 B1,E,2 B1,lipid
2026-02-06_38.74_C8,2026-02-06,38.74,C8,E: 2 D6,E,2 D6,lipid
2026-02-06_38.74_C9,2026-02-06,38.74,C9,E: 3 B5,E,3 B5,lipid
2026-02-06_38.74_C10,2026-02-06,38.74,C10,E: 3 C3,E,3 C3,lipid
2026-02-06_38.74_C11,2026-02-06,38.74,C11,E: 4 D5,E,4 D5,lipid
2026-02-06_38.74_C12,2026-02-06,38.74,C12,F: 1 A2,F,1 A2,lipid
2026-02-06_38.74_D1,2026-02-06,38.74,D1,F: 1 D6,F,1 D6,lipid
2026-02-06_38.74_D2,2026-02-06,38.74,D2,F: 2 A4,F,2 A4,lipid
2026-02-06_38.74_D3,2026-02-06,38.74,D3,F: 2 B4,F,2 B4,lipid
2026-02-06_38.74_D4,2026-02-06,38.74,D4,F: 2 C5,F,2 C5,lipid
2026-02-06_38.74_D5,2026-02-06,38.74,D5,F: 3 C5,F,3 C5,lipid
2026-02-06_38.74_D6,2026-02-06,38.74,D6,F: 3 D6,F,3 D6,lipid
2026-02-06_38.74_D7,2026-02-06,38.74,D7,G: 1 A5,G,1 A5,lipid
2026-02-06_38.74_D8,2026-02-06,38.74,D8,G: 1 B5,G,1 B5,lipid
2026-02-06_38.74_D9,2026-02-06,38.74,D9,G: 2 C6,G,2 C6,lipid
2026-02-06_38.74_D10,2026-02-06,38.74,D10,G: 3 A3,G,3 A3,lipid
2026-02-06_38.74_D11,2026-02-06,38.74,D11,G: 4 A1,G,4 A1,lipid
2026-02-06_38.74_D12,2026-02-06,38.74,D12,G: 4 B2,G,4 B2,lipid
2026-02-06_38.74_E1,2026-02-06,38.74,E1,G: 4 D4,G,4 D4,lipid
2026-02-06_38.74_E2,2026-02-06,38.74,E2,H: 1 A6,H,1 A6,lipid
2026-02-06_38.74_E3,2026-02-06,38.74,E3,H: 2 A6,H,2 A6,lipid
2026-02-06_38.74_E4,2026-02-06,38.74,E4,H: 2 C3,H,2 C3,lipid
2026-02-06_38.74_E5,2026-02-06,38.74,E5,H: 2 D1,H,2 D1,lipid
2026-02-06_38.74_E6,2026-02-06,38.74,E6,H: 3 D3,H,3 D3,lipid
2026-02-06_38.74_E7,2026-02-06,38.74,E7,H: 4 A6,H,4 A6,lipid
2026-02-06_38.74_E8,2026-02-06,38.74,E8,H: 4 D1,H,4 D1,lipid
2026-02-06_38.74_E9,2026-02-06,38.74,E9,I: 1 D5,I,1 D5,lipid
2026-02-06_38.74_E10,2026-02-06,38.74,E10,I: 2 A2,I,2 A2,lipid
2026-02-06_38.74_E11,2026-02-06,38.74,E11,I: 2 A3,I,2 A3,lipid
2026-02-06_38.74_E12,2026-02-06,38.74,E12,I: 2 A5,I,2 A5,lipid
2026-02-06_38.74_F1,2026-02-06,38.74,F1,I: 2 C2,I,2 C2,lipid
2026-02-06_38.74_F2,2026-02-06,38.74,F2,I: 4 A5,I,4 A5,lipid
2026-02-06_38.74_F3,2026-02-06,38.74,F3,I: 4 C4,I,4 C4,lipid
2026-02-06_38.74_F4,2026-02-06,38.74,F4,J: 1 B3,J,1 B3,lipid
2026-02-06_38.74_F5,2026-02-06,38.74,F5,J: 2 B3,J,2 B3,lipid
2026-02-06_38.74_F6,2026-02-06,38.74,F6,J: 2 C1,J,2 C1,lipid
2026-02-06_38.74_F7,2026-02-06,38.74,F7,J: 3 A5,J,3 A5,lipid
2026-02-06_38.74_F8,2026-02-06,38.74,F8,J: 3 C1,J,3 C1,lipid
2026-02-06_38.74_F9,2026-02-06,38.74,F9,J: 4 A3,J,4 A3,lipid
2026-02-06_38.74_F10,2026-02-06,38.74,F10,J: 4 C2,J,4 C2,lipid
2026-02-06_38.74_F11,2026-02-06,38.74,F11,K: 1 B2,K,1 B2,lipid
2026-02-06_38.74_F12,2026-02-06,38.74,F12,K: 1 B6,K,1 B6,lipid
2026-02-06_38.74_G1,2026-02-06,38.74,G1,K: 2 C4,K,2 C4,lipid
2026-02-06_38.74_G2,2026-02-06,38.74,G2,K: 2 D5,K,2 D5,lipid
2026-02-06_38.74_G3,2026-02-06,38.74,G3,K: 3 A4,K,3 A4,lipid
2026-02-06_38.74_G4,2026-02-06,38.74,G4,K: 3 B2,K,3 B2,lipid
2026-02-06_38.74_G5,2026-02-06,38.74,G5,K: 4 B1,K,4 B1,lipid
2026-02-06_38.74_G6,2026-02-06,38.74,G6,L: 2 A1,L,2 A1,lipid
2026-02-06_38.74_G7,2026-02-06,38.74,G7,L: 3 D4,L,3 D4,lipid
2026-02-06_38.74_G8,2026-02-06,38.74,G8,L: 4 D6,L,4 D6,lipid
2026-02-06_38.74_G9,2026-02-06,38.74,G9,L: 1 C2,L,1 C2,lipid
2026-02-06_38.74_G10,2026-02-06,38.74,G10,L: 1 C5,L,1 C5,lipid
2026-02-06_38.74_G11,2026-02-06,38.74,G11,L: 2 B6,L,2 B6,lipid
2026-02-06_38.74_G12,2026-02-06,38.74,G12,L: 4 C6,L,4 C6,lipid
2026-02-06_38.74_H1,2026-02-06,38.74,H1,A,A,,blank
2026-02-06_38.74_H2,2026-02-06,38.74,H2,B,B,,blank
2026-02-06_38.74_H3,2026-02-06,38.74,H3,C,C,,blank
2026-02-06_38.74_H4,2026-02-06,38.74,H4,D,D,,blank
2026-02-06_38.74_H5,2026-02-06,38.74,H5,E,E,,blank
2026-02-06_38.74_H6,2026-02-06,38.74,H6,F,F,,blank
2026-02-06_38.74_H7,2026-02-06,38.74,H7,G,G,,blank
2026-02-06_38.74_H8,2026-02-06,38.74,H8,H,H,,blank
2026-02-06_38.74_H9,2026-02-06,38.74,H9,I,I,,blank
2026-02-06_38.74_H10,2026-02-06,38.74,H10,J,J,,blank
2026-02-06_38.74_H11,2026-02-06,38.74,H11,K,K,,blank
2026-02-06_38.74_H12,2026-02-06,38.74,H12,L,L,,blank
2026-02-06_41.1_A1,2026-02-06,41.1,A1,A: 1 C1,A,1 C1,lipid
2026-02-06_41.1_A2,2026-02-06,41.1,A2,A: 1 C3,A,1 C3,lipid
2026-02-06_41.1_A3,2026-02-06,41.1,A3,A: 1 C6,A,1 C6,lipid
2026-02-06_41.1_A4,2026-02-06,41.1,A4,A: 3 B1,A,3 B1,lipid
2026-02-06_41.1_A5,2026-02-06,41.1,A5,A: 3 C4,A,3 C4,lipid
2026-02-06_41.1_A6,2026-02-06,41.1,A6,A: 4 B5,A,4 B5,lipid
2026-02-06_41.1_A7,2026-02-06,41.1,A7,A: 4 B6,A,4 B6,lipid
2026-02-06_41.1_A8,2026-02-06,41.1,A8,B: 1 D1,B,1 D1,lipid
2026-02-06_41.1_A9,2026-02-06,41.1,A9,B: 1 D2,B,1 D2,lipid
2026-02-06_41.1_A10,2026-02-06,41.1,A10,B: 2 D4,B,2 D4,lipid
2026-02-06_41.1_A11,2026-02-06,41.1,A11,B: 3 A2,B,3 A2,lipid
2026-02-06_41.1_A12,2026-02-06,41.1,A12,B: 4 A4,B,4 A4,lipid
2026-02-06_41.1_B1,2026-02-06,41.1,B1,B: 4 C1,B,4 C1,lipid
2026-02-06_41.1_B2,2026-02-06,41.1,B2,B: 4 D3,B,4 D3,lipid
2026-02-06_41.1_B3,2026-02-06,41.1,B3,C: 1 A3,C,1 A3,lipid
2026-02-06_41.1_B4,2026-02-06,41.1,B4,C: 1 B1,C,1 B1,lipid
2026-02-06_41.1_B5,2026-02-06,41.1,B5,C: 2 D2,C,2 D2,lipid
2026-02-06_41.1_B6,2026-02-06,41.1,B6,C: 3 B4,C,3 B4,lipid
2026-02-06_41.1_B7,2026-02-06,41.1,B7,C: 3 C6,C,3 C6,lipid
2026-02-06_41.1_B8,2026-02-06,41.1,B8,C: 3 D2,C,3 D2,lipid
2026-02-06_41.1_B9,2026-02-06,41.1,B9,C: 4 B3,C,4 B3,lipid
2026-02-06_41.1_B10,2026-02-06,41.1,B10,D: 1 D3,D,1 D3,lipid
2026-02-06_41.1_B11,2026-02-06,41.1,B11,D: 3 A6,D,3 A6,lipid
2026-02-06_41.1_B12,2026-02-06,41.1,B12,D: 3 B3,D,3 B3,lipid
2026-02-06_41.1_C1,2026-02-06,41.1,C1,D: 3 C2,D,3 C2,lipid
2026-02-06_41.1_C2,2026-02-06,41.1,C2,D: 3 D1,D,3 D1,lipid
2026-02-06_41.1_C3,2026-02-06,41.1,C3,D: 3 D5,D,3 D5,lipid
2026-02-06_41.1_C4,2026-02-06,41.1,C4,D: 4 A2,D,4 A2,lipid
2026-02-06_41.1_C5,2026-02-06,41.1,C5,E: 1 A1,E,1 A1,lipid
2026-02-06_41.1_C6,2026-02-06,41.1,C6,E: 1 D4,E,1 D4,lipid
2026-02-06_41.1_C7,2026-02-06,41.1,C7,E: 2 B1,E,2 B1,lipid
2026-02-06_41.1_C8,2026-02-06,41.1,C8,E: 2 D6,E,2 D6,lipid
2026-02-06_41.1_C9,2026-02-06,41.1,C9,E: 3 B5,E,3 B5,lipid
2026-02-06_41.1_C10,2026-02-06,41.1,C10,E: 3 C3,E,3 C3,lipid
2026-02-06_41.1_C11,2026-02-06,41.1,C11,E: 4 D5,E,4 D5,lipid
2026-02-06_41.1_C12,2026-02-06,41.1,C12,F: 1 A2,F,1 A2,lipid
2026-02-06_41.1_D1,2026-02-06,41.1,D1,F: 1 D6,F,1 D6,lipid
2026-02-06_41.1_D2,2026-02-06,41.1,D2,F: 2 A4,F,2 A4,lipid
2026-02-06_41.1_D3,2026-02-06,41.1,D3,F: 2 B4,F,2 B4,lipid
2026-02-06_41.1_D4,2026-02-06,41.1,D4,F: 2 C5,F,2 C5,lipid
2026-02-06_41.1_D5,2026-02-06,41.1,D5,F: 3 C5,F,3 C5,lipid
2026-02-06_41.1_D6,2026-02-06,41.1,D6,F: 3 D6,F,3 D6,lipid
2026-02-06_41.1_D7,2026-02-06,41.1,D7,G: 1 A5,G,1 A5,lipid
2026-02-06_41.1_D8,2026-02-06,41.1,D8,G: 1 B5,G,1 B5,lipid
2026-02-06_41.1_D9,2026-02-06,41.1,D9,G: 2 C6,G,2 C6,lipid
2026-02-06_41.1_D10,2026-02-06,41.1,D10,G: 3 A3,G,3 A3,lipid
2026-02-06_41.1_D11,2026-02-06,41.1,D11,G: 4 A1,G,4 A1,lipid
2026-02-06_41.1_D12,2026-02-06,41.1,D12,G: 4 B2,G,4 B2,lipid
2026-02-06_41.1_E1,2026-02-06,41.1,E1,G: 4 D4,G,4 D4,lipid
2026-02-06_41.1_E2,2026-02-06,41.1,E2,H: 1 A6,H,1 A6,lipid
2026-02-06_41.1_E3,2026-02-06,41.1,E3,H: 2 A6,H,2 A6,lipid
2026-02-06_41.1_E4,2026-02-06,41.1,E4,H: 2 C3,H,2 C3,lipid
2026-02-06_41.1_E5,2026-02-06,41.1,E5,H: 2 D1,H,2 D1,lipid
2026-02-06_41.1_E6,2026-02-06,41.1,E6,H: 3 D3,H,3 D3,lipid
2026-02-06_41.1_E7,2026-02-06,41.1,E7,H: 4 A6,H,4 A6,lipid
2026-02-06_41.1_E8,2026-02-06,41.1,E8,H: 4 D1,H,4 D1,lipid
2026-02-06_41.1_E9,2026-02-06,41.1,E9,I: 1 D5,I,1 D5,lipid
2026-02-06_41.1_E10,2026-02-06,41.1,E10,I: 2 A2,I,2 A2,lipid
2026-02-06_41.1_E11,2026-02-06,41.1,E11,I: 2 A3,I,2 A3,lipid
2026-02-06_41.1_E12,2026-02-06,41.1,E12,I: 2 A5,I,2 A5,lipid
2026-02-06_41.1_F1,2026-02-06,41.1,F1,I: 2 C2,I,2 C2,lipid
2026-02-06_41.1_F2,2026-02-06,41.1,F2,I: 4 A5,I,4 A5,lipid
2026-02-06_41.1_F3,2026-02-06,41.1,F3,I: 4 C4,I,4 C4,lipid
2026-02-06_41.1_F4,2026-02-06,41.1,F4,J: 1 B3,J,1 B3,lipid
2026-02-06_41.1_F5,2026-02-06,41.1,F5,J: 2 B3,J,2 B3,lipid
2026-02-06_41.1_F6,2026-02-06,41.1,F6,J: 2 C1,J,2 C1,lipid
2026-02-06_41.1_F7,2026-02-06,41.1,F7,J: 3 A5,J,3 A5,lipid
2026-02-06_41.1_F8,2026-02-06,41.1,F8,J: 3 C1,J,3 C1,lipid
2026-02-06_41.1_F9,2026-02-06,41.1,F9,J: 4 A3,J,4 A3,lipid
2026-02-06_41.1_F10,2026-02-06,41.1,F10,J: 4 C2,J,4 C2,lipid
2026-02-06_41.1_F11,2026-02-06,41.1,F11,K: 1 B2,K,1 B2,lipid
2026-02-06_41.1_F12,2026-02-06,41.1,F12,K: 1 B6,K,1 B6,lipid
2026-02-06_41.1_G1,2026-02-06,41.1,G1,K: 2 C4,K,2 C4,lipid
2026-02-06_41.1_G2,2026-02-06,41.1,G2,K: 2 D5,K,2 D5,lipid
2026-02-06_41.1_G3,2026-02-06,41.1,G3,K: 3 A4,K,3 A4,lipid
2026-02-06_41.1_G4,2026-02-06,41.1,G4,K: 3 B2,K,3 B2,lipid
2026-02-06_41.1_G5,2026-02-06,41.1,G5,K: 4 B1,K,4 B1,lipid
2026-02-06_41.1_G6,2026-02-06,41.1,G6,L: 2 A1,L,2 A1,lipid
2026-02-06_41.1_G7,2026-02-06,41.1,G7,L: 3 D4,L,3 D4,lipid
2026-02-06_41.1_G8,2026-02-06,41.1,G8,L: 4 D6,L,4 D6,lipid
2026-02-06_41.1_G9,2026-02-06,41.1,G9,L: 1 C2,L,1 C2,lipid
2026-02-06_41.1_G10,2026-02-06,41.1,G10,L: 1 C5,L,1 C5,lipid
2026-02-06_41.1_G11,2026-02-06,41.1,G11,L: 2 B6,L,2 B6,lipid
2026-02-06_41.1_G12,2026-02-06,41.1,G12,L: 4 C6,L,4 C6,lipid
2026-02-06_41.1_H1,2026-02-06,41.1,H1,A,A,,blank
2026-02-06_41.1_H2,2026-02-06,41.1,H2,B,B,,blank
2026-02-06_41.1_H3,2026-02-06,41.1,H3,C,C,,blank
2026-02-06_41.1_H4,2026-02-06,41.1,H4,D,D,,blank
2026-02-06_41.1_H5,2026-02-06,41.1,H5,E,E,,blank
2026-02-06_41.1_H6,2026-02-06,41.1,H6,F,F,,blank
2026-02-06_41.1_H7,2026-02-06,41.1,H7,G,G,,blank
2026-02-06_41.1_H8,2026-02-06,41.1,H8,H,H,,blank
2026-02-06_41.1_H9,2026-02-06,41.1,H9,I,I,,blank
2026-02-06_41.1_H10,2026-02-06,41.1,H10,J,J,,blank
2026-02-06_41.1_H11,2026-02-06,41.1,H11,K,K,,blank
2026-02-06_41.1_H12,2026-02-06,41.1,H12,L,L,,blank